Datetime,Water Level (m)
2026-07-12 12:00:00,-0.54139894
2026-07-12 13:00:00,0.091504045
2026-07-12 14:00:00,0.7715192
2026-07-12 15:00:00,1.2765211
2026-07-12 16:00:00,1.5075929
2026-07-12 17:00:00,1.434395
2026-07-12 18:00:00,1.0405788
2026-07-12 19:00:00,0.46695095
2026-07-12 20:00:00,-0.11348194
2026-07-12 21:00:00,-0.57340306
2026-07-12 22:00:00,-0.9195753
2026-07-12 23:00:00,-1.091696
2026-07-13 00:00:00,-0.8249782
2026-07-13 01:00:00,-0.06740282
2026-07-13 02:00:00,0.7569337
2026-07-13 03:00:00,1.4163787
2026-07-13 04:00:00,1.7457465
2026-07-13 05:00:00,1.8661648
2026-07-13 06:00:00,1.7674843
2026-07-13 07:00:00,1.3685223
2026-07-13 08:00:00,0.7857305
2026-07-13 09:00:00,0.19174303
2026-07-13 10:00:00,-0.3153938
2026-07-13 11:00:00,-0.7074172
2026-07-13 12:00:00,-0.9223201
2026-07-13 13:00:00,-0.7256892
2026-07-13 14:00:00,0.030089421
2026-07-13 15:00:00,0.8517304
2026-07-13 16:00:00,1.4187492
2026-07-13 17:00:00,1.6121455
2026-07-13 18:00:00,1.5276978
2026-07-13 19:00:00,1.0769808
2026-07-13 20:00:00,0.46449885
2026-07-13 21:00:00,-0.13289498
2026-07-13 22:00:00,-0.62257487
2026-07-13 23:00:00,-0.9963006
2026-07-14 00:00:00,-1.1965929
2026-07-14 01:00:00,-0.937685
2026-07-14 02:00:00,-0.11614071
2026-07-14 03:00:00,0.7994
2026-07-14 04:00:00,1.526294
2026-07-14 05:00:00,1.8888451
2026-07-14 06:00:00,2.0016448
2026-07-14 07:00:00,1.8235703
2026-07-14 08:00:00,1.294622
2026-07-14 09:00:00,0.6606047
2026-07-14 10:00:00,0.055043675
2026-07-14 11:00:00,-0.44089496
2026-07-14 12:00:00,-0.8231597
2026-07-14 13:00:00,-1.0202551
2026-07-14 14:00:00,-0.7387348
2026-07-14 15:00:00,0.08901078
2026-07-14 16:00:00,0.9429217
2026-07-14 17:00:00,1.5303466
2026-07-14 18:00:00,1.7448602
2026-07-14 19:00:00,1.6509194
2026-07-14 20:00:00,1.1330975
2026-07-14 21:00:00,0.4678752
2026-07-14 22:00:00,-0.14929247
2026-07-14 23:00:00,-0.63979936
2026-07-15 00:00:00,-1.0091399
2026-07-15 01:00:00,-1.175095
2026-07-15 02:00:00,-0.8136212
2026-07-15 03:00:00,0.05403924
2026-07-15 04:00:00,0.962935
2026-07-15 05:00:00,1.6382517
2026-07-15 06:00:00,2.01065
2026-07-15 07:00:00,2.105908
2026-07-15 08:00:00,1.8779039
2026-07-15 09:00:00,1.2826424
2026-07-15 10:00:00,0.612292
2026-07-15 11:00:00,-0.009349518
2026-07-15 12:00:00,-0.4713563
2026-07-15 13:00:00,-0.9080669
2026-07-15 14:00:00,-1.0716331
2026-07-15 15:00:00,-0.6166407
2026-07-15 16:00:00,0.28776872
2026-07-15 17:00:00,1.1324393
2026-07-15 18:00:00,1.6400632
2026-07-15 19:00:00,1.8400035
2026-07-15 20:00:00,1.6852988
2026-07-15 21:00:00,1.1335851
2026-07-15 22:00:00,0.46702772
2026-07-15 23:00:00,-0.122493945
2026-07-16 00:00:00,-0.6143615
2026-07-16 01:00:00,-0.99830526
2026-07-16 02:00:00,-1.1212492
2026-07-16 03:00:00,-0.6499879
2026-07-16 04:00:00,0.2930218
2026-07-16 05:00:00,1.210684
2026-07-16 06:00:00,1.8229308
2026-07-16 07:00:00,2.135914
2026-07-16 08:00:00,2.1373436
2026-07-16 09:00:00,1.7836642
2026-07-16 10:00:00,1.1284113
2026-07-16 11:00:00,0.4676132
2026-07-16 12:00:00,-0.11243519
2026-07-16 13:00:00,-0.5606078
2026-07-16 14:00:00,-0.93298936
2026-07-16 15:00:00,-1.0046111
2026-07-16 16:00:00,-0.36900747
2026-07-16 17:00:00,0.5706677
2026-07-16 18:00:00,1.3646271
2026-07-16 19:00:00,1.790625
2026-07-16 20:00:00,1.9102541
2026-07-16 21:00:00,1.622436
2026-07-16 22:00:00,0.99591345
2026-07-16 23:00:00,0.35766205
2026-07-17 00:00:00,-0.22422321
2026-07-17 01:00:00,-0.6639924
2026-07-17 02:00:00,-0.9925902
2026-07-17 03:00:00,-1.0164413
2026-07-17 04:00:00,-0.34292182
2026-07-17 05:00:00,0.60113555
2026-07-17 06:00:00,1.4356211
2026-07-17 07:00:00,1.9259415
2026-07-17 08:00:00,2.1460488
2026-07-17 09:00:00,2.05661
2026-07-17 10:00:00,1.5613236
2026-07-17 11:00:00,0.90006775
2026-07-17 12:00:00,0.2770229
2026-07-17 13:00:00,-0.23892942
2026-07-17 14:00:00,-0.6452358
2026-07-17 15:00:00,-0.9704126
2026-07-17 16:00:00,-0.8591608
2026-07-17 17:00:00,-0.06986845
2026-07-17 18:00:00,0.84550565
2026-07-17 19:00:00,1.5333685
2026-07-17 20:00:00,1.8440332
2026-07-17 21:00:00,1.856245
2026-07-17 22:00:00,1.4504896
2026-07-17 23:00:00,0.8134323
2026-07-18 00:00:00,0.20291875
2026-07-18 01:00:00,-0.29189157
2026-07-18 02:00:00,-0.6510359
2026-07-18 03:00:00,-0.94855183
2026-07-18 04:00:00,-0.7747908
2026-07-18 05:00:00,0.008401505
2026-07-18 06:00:00,0.91565174
2026-07-18 07:00:00,1.6010525
2026-07-18 08:00:00,1.9720246
2026-07-18 09:00:00,2.0756314
2026-07-18 10:00:00,1.8223176
2026-07-18 11:00:00,1.230228
2026-07-18 12:00:00,0.60423857
